{"cameraMode":{"drawMode":0,"name":"Shaded","section":"Shading Mode"},"sceneLighting":true,"audioPlay":false,"sceneViewState":{"m_AlwaysRefresh":false,"showFog":true,"showSkybox":true,"showFlares":true,"showImageEffects":true,"showParticleSystems":true,"showVisualEffectGraphs":true,"m_FxEnabled":true},"in2DMode":false,"pivot":{"x":-4.071293830871582,"y":0.6833676099777222,"z":-10.301228523254395},"rotation":{"x":0.05500345677137375,"y":0.21836993098258973,"z":-0.01232854276895523,"w":0.9742375016212463},"size":14.599641799926758,"orthographic":true}